01/31/1987,0.010789926,-0.023764869,0.020942002,0.039429899,6,0.239139034,0.01632296
02/28/1987,0.007149283,-0.00445698,-0.005401698,-0.067472063,-1.94,-0.162028994,0.008392915
03/31/1987,-0.027519339,0,0.032963494,0.066394611,0.26,0.171123626,-9.57937E-05
04/30/1987,-0.055278806,-0.012571082,0.002842201,0.03371196,5.42,-0.009007623,-0.044922346
05/31/1987,-0.017236256,-0.000349288,0.009688202,0.012927489,-5.93,-0.130242938,-0.00477427
06/30/1987,0.007536461,0.015527447,0.018397388,0.019665855,-1.19,0.051603579,0.014103186
07/31/1987,-0.029512486,0.016834141,0.026453149,0.011606076,-4.88,0.103898886,-0.010817773
08/31/1987,-0.023463643,0.000506732,0.025176841,-0.022495923,5.88,0.023990564,-0.005070076
09/30/1987,-0.051578956,-0.010637631,0.017068271,-0.001150682,0.05,-0.083512183,-0.02955696
10/31/1987,0.06095934,0.002219436,-0.041146986,0.003686424,39.03,0.636707137,0.015453687
11/30/1987,-0.004712676,-0.024011993,0.038235737,-0.014978479,-15.28,-0.410911973,0.019533368
12/31/1987,0.01369441,-0.01308726,-0.006826896,-0.04258914,-6.68,0.093887612,0.007697799
01/31/1988,0.053781674,0.00707174,-0.000420832,0.013996227,-3.9,-0.110059506,0.042014461
02/29/1988,0.002861524,0.011059693,0.006078071,-0.01704375,-5.72,0.05684546,0.028323985
03/31/1988,-0.038932753,-0.007291345,0.037122183,0.045240857,-2.89,0.097079677,-0.00945761
04/30/1988,-0.025625958,-0.004198794,0.022267234,0.022254673,0.1,-0.195347896,-0.00372839
05/31/1988,-0.020165445,0.007377585,0.00950837,0.017027598,-3.7,-0.008807817,-0.013682167
06/30/1988,0.03222755,0.017785046,-0.00524476,-0.03775493,1.35,0.332606234,0.022210835
07/31/1988,-0.027281663,0.026554523,0.030889997,-0.010626496,-1.85,-0.22491241,-0.005454415
08/31/1988,-0.003442103,0.014353146,0.005861652,-0.011153733,-1.42,-0.003283098,-0.001179641
09/30/1988,0.028407414,0.005100319,-0.004006285,-0.032107902,-2.68,-0.080427367,0.044177677
10/31/1988,0.023494613,-0.015386436,-0.002840667,0.029658404,3.94,0.116189611,0.025527775
11/30/1988,-0.029071999,-0.014796888,0.022640283,0.042038445,-4.5,-0.173425079,-0.002496688
12/31/1988,0.005130151,0.003880902,-0.00070587,0.05976668,0.35,0.007782611,0.005900603
01/31/1989,0.013570748,0.021684507,0.004717989,-0.015020877,-0.39,0.241534941,0.011467623
02/28/1989,-0.027062978,0.00608727,0.018818453,0.026150628,-0.24,-0.089171253,-0.00713226
03/31/1989,0.00168457,0.016026394,0.00210498,0.060250013,-0.82,0.088977098,-9.10942E-05
04/30/1989,0.014185089,0.008853092,0.010120943,-5.06022E-05,-0.13,-0.075741358,0.019329828
05/31/1989,0.031578188,0.024089494,-0.008446305,-0.045898487,0.54,0.157756901,0.032646248
06/30/1989,0.051135702,0.023991623,-0.021069199,0.003871857,0.67,0.058308703,0.03395704
07/31/1989,0.01536643,-0.007302492,0.004757209,-0.051355207,-0.08,-0.180824866,0.01736764
08/31/1989,-0.03330908,0.013640359,0.036047224,0.024505709,0.25,0.214792524,-0.005137942
09/30/1989,-0.003590191,0.017235343,0.006322858,0.050394129,-2.34,-0.231189686,0.010343911
10/31/1989,0.03290403,-0.005796857,-0.017753724,-0.017648277,7.21,0.321970521,0.017367641
11/30/1989,0.000226706,0.007175856,0.011169849,0.011801275,-3.99,-0.244398312,0.005289383
12/31/1989,-0.006770392,0.005195992,0.009232321,0.079146056,-1.82,0.059928429,0.008820527
01/31/1990,-0.041443988,0.00959817,0.03164953,-0.040627262,8.6,0.180610832,-0.013367645
02/28/1990,-0.012133686,0.016234499,0.015784457,-0.01453503,-5.18,-0.219213141,0.003475671
03/31/1990,-0.009009919,0.02677149,0.013710377,0.01362662,-0.08,0.108795015,-0.001305978
04/30/1990,-0.030884003,0.007007612,0.017896889,-0.023513418,-1.14,-0.147142009,-0.008696269
05/31/1990,0.036401166,-0.005428907,-0.013446457,-0.021295246,-1.22,0.284046206,0.022673586
06/30/1990,0.015987566,0.004059721,0.000660931,-0.02966124,0.4,-0.103151193,0.01761931
07/31/1990,0.002575182,-0.013799537,0.01050811,0.068519926,0.58,0.044795273,0.012607527
08/31/1990,-0.048650814,-0.013570074,0.033929448,0.145579268,9.22,0.191065474,-0.019075536
09/30/1990,0.003377098,-0.007593023,0.000283394,0.198447549,1.42,-0.33102421,0.003840853
10/31/1990,0.014514791,-0.015161176,-0.003662092,-0.077056886,0.62,0.366881267,0.017774072
11/30/1990,0.034813935,0.002931959,-0.007655074,-0.087259895,-8.16,-0.142417003,0.031135336
12/31/1990,0.011744646,0.017541755,0.006563713,-0.033566188,1.1,-0.012321679,0.017470917
01/31/1991,0.005876112,0.006033701,0.008814332,-0.11601582,-3.22,0.169522597,0.009626544
02/28/1991,-0.004338127,-0.004568937,0.032665478,-0.016559527,0.02,0.175034787,0.018780023
03/31/1991,-0.002680546,0.036436158,0.005028176,0.015164985,-1.12,-0.087240107,0.002467317
04/30/1991,0.006110072,0.014947534,0.006993577,0.00963272,0.12,0.0285348,0.010234701
05/31/1991,-0.008488531,0.007091906,0.027197238,-0.015867347,-1.93,-0.067177871,0.008093682
06/30/1991,-0.013487127,0.014759947,0.011239248,-0.038571206,2.11,-0.129001913,-0.005148635
07/31/1991,0.007962825,0.002401395,0.006050514,0.034726341,-3.73,0.060870019,0.015265121
08/31/1991,0.026394126,-0.006257023,-0.003487759,0.003908489,-0.58,0.091134679,0.026596393
09/30/1991,0.025150217,-0.009377229,-0.009646961,0.006696429,0.87,-0.139487481,0.016428522
10/31/1991,-0.005418849,0.000136078,0.010452097,0.023823029,-0.02,0.258180373,0.004992563
11/30/1991,-0.000991853,-0.007166229,0.012635001,-0.042558549,4.5,-0.087610505,0.012800108
12/31/1991,0.053040425,-0.003677498,-0.030495812,-0.069331931,-0.4,0.11504477,0.028560937
01/31/1992,-0.038561801,0.003691072,0.049210149,0.030691838,-2.26,0.267643831,0.001150452
02/29/1992,-1.44223E-05,0.016478224,0.011557159,-0.003125857,-1.93,-0.185173233,0.004049339
03/31/1992,-0.017660378,0.022373534,0.017765515,0.01628342,-0.07,-0.049101651,0.003378396
04/30/1992,-0.005373542,0.001834649,0.0118321,0.029122009,-0.88,0.058308588,0.00483544
05/31/1992,0.017964293,-0.00353095,0.001697492,0.015253524,-0.79,-0.15120788,0.017678073
06/30/1992,0.008417618,-0.01010842,-0.00218917,-0.011035126,-0.75,0.17172158,0.011845201
07/31/1992,0.034395985,-0.011139268,-0.006117757,-0.0220022,-0.13,-0.005160615,0.017538738
08/31/1992,0.000410092,-0.001608876,0.005921925,-0.001553377,0.48,-0.146653002,0.009532422
09/30/1992,0.009247615,0.008999551,-0.004832977,0.003487124,1.33,0.102104161,0.008785349
10/31/1992,-0.027206389,0.020101548,0.037986163,-0.024806202,1.26,0.111754374,-0.001198405
11/30/1992,-0.003085459,0.032363021,0.008035711,-0.012663779,-2.92,-0.070312378,0.005284533
12/31/1992,0.021416605,0.00897453,0.001004444,0.005052748,0.04,0.17675349,0.018926963
01/31/1993,0.022962214,0.014532382,-0.006753953,0.012927463,-1.26,0.086474224,0.010882054
02/28/1993,0.027188044,0.006051569,-0.018126938,0.017180256,0.46,0.029072821,0.022427444
03/31/1993,-0.004748176,-0.000982142,0.020954974,0.019678284,0.82,0.055985188,0.00635
04/30/1993,0.0037946,-0.009583794,0.007156729,-0.013146132,-0.15,0.011555947,0.021576311
05/31/1993,-0.004621048,0.005086724,0.010397393,-0.033782704,-0.21,-0.1261668,0.004015104
06/30/1993,0.036627802,0.010367955,-0.02711352,-0.029559367,-1.06,0.084088922,0.021476562
07/31/1993,0.010740744,0.015758745,0.00226172,-0.010854123,-0.14,-0.041195082,0.016215828
08/31/1993,0.033618714,0.002284135,-0.017695007,0.010226359,-0.39,0.036316152,0.036953248
09/30/1993,-0.001431028,0.002880314,0.000141042,0.008644222,1.09,0.004796442,0.004828074
10/31/1993,0.000479784,0.012802035,0.012892263,-0.033491204,-1.2,0.07503486,0.002650143
11/30/1993,-0.032605427,0.014057507,0.028881758,-0.037043519,1.36,-0.011771345,-0.00743175
12/31/1993,-0.002325822,0.01025243,-0.025899357,-0.009208215,-1.41,-0.015029225,-0.001492998
01/31/1994,0.018547534,0.034824234,-0.007486944,0.084377866,-1.64,0.147272601,0.016802533
02/28/1994,-0.045405656,0.001449039,0.034838797,-0.034508035,3.93,-0.120347241,-0.025001848
03/31/1994,-0.04827288,0.006565051,0.021766272,-0.004905682,5.4,0.238481232,-0.021624199
04/30/1994,-0.019837009,0.007848495,0.006725522,0.024473267,-5.83,-0.206365294,-0.009238297
05/31/1994,-0.012773697,0.001864598,0.009780318,0.012603116,-1.22,-0.011390718,0.000169211
06/30/1994,-0.015449948,0.004050627,0.024048334,0.01878253,3.72,0.030065807,-0.00045258
07/31/1994,0.023697538,-0.012102857,-0.017031662,0.013160817,-5.18,-0.14730321,0.007445801
08/31/1994,-0.012386108,-0.000221062,0.016206487,-0.066812825,1.68,0.285649992,0.005301726
09/30/1994,-0.037338498,-0.008721463,0.033502393,0.006813109,1.97,-0.037723907,-0.02465934
10/31/1994,-0.010845439,-0.004232622,0.001584094,0.044452223,-0.56,0.03439562,0.004297431
11/30/1994,-0.00193621,0.004474618,-0.007080776,-0.021615282,2.83,-0.018245448,0.003630172
12/31/1994,0.015707787,0.022380031,-0.010144187,0.031911857,-3.12,0.014882337,0.01998247
01/31/1995,0.019469724,0.001950353,-0.001260793,-0.02633326,-2.03,0.07711023,0.0120081
02/28/1995,0.02296839,-0.009476851,0.010953329,0.006306818,0.07,-0.073300114,0.021275159
03/31/1995,-0.000433011,-0.017163429,0.020511449,0.011010107,2.1,0.235952147,0.012523816
04/30/1995,0.011114031,-0.01992735,0.000432031,0.025522171,-1.58,-0.194455514,0.013182987
05/31/1995,0.072370661,0.005638525,-0.048200026,-0.015356968,2.56,0.198576421,0.052900767
06/30/1995,0.004663287,-0.002049743,0.024285773,-0.034953819,-1.68,-0.003118141,0.00542899
07/31/1995,-0.026800203,0.003623253,0.023930515,0.016333314,1.42,-0.030959124,-0.007427322
08/31/1995,0.015252909,0.031879356,-0.008665758,0.017988046,-2.31,-0.023771146,0.017170965
09/30/1995,0.011434481,-0.002725446,0.002718241,0.003046585,1,-0.010222275,0.013431256
10/31/1995,0.023445231,0.009902851,-0.013046491,0.011265739,1.43,0.138628736,0.022151783
11/30/1995,0.020154634,0.012853162,-0.005952062,0.026266929,-2.37,-0.057024073,0.015404154
12/31/1995,0.021037307,0.002180447,-0.006526781,0.082849997,1.84,0.019258997,0.023446049
01/31/1996,-0.005819504,0.016918526,0.015420803,-0.032874693,-0.6,0.189918385,0.001250525
02/29/1996,-0.053580771,-0.004993897,0.052023905,0.004522128,5.06,-0.047680411,-0.024369405
03/31/1996,-0.024531738,0.000498997,0.013719582,0.045321194,1.94,0.026770408,-0.011865493
04/30/1996,-0.023128584,0.003588506,0.019361296,0.012919772,-3.45,-0.012090114,0.002632346
05/31/1996,-0.010612891,0.005226382,0.010916564,-0.026083218,0.5,0.005133186,-0.000182565
06/30/1996,0.014865691,0.003330407,-0.008082513,0.012998479,-2.14,-0.111005993,0.000615811
07/31/1996,-0.005791163,-0.007521956,0.009778843,-0.057476273,4.99,0.115879276,0.008563078
08/31/1996,-0.019525935,0.002457653,0.029301156,0.019881839,-2.55,-0.166052344,0.005665989
09/30/1996,0.021246627,0.008271418,-0.007792317,0.033749748,0.23,0.092645034,0.016501063
10/31/1996,0.033245026,0.002378524,-0.026589673,-0.001461846,2.06,0.203321648,0.026675139
11/30/1996,0.027430663,0.000406663,-0.007144461,0.069636931,-1.24,-0.096852016,0.018428668
12/31/1996,-0.035021032,0.006187914,0.037635851,-0.01792965,2.98,0.037120672,-0.001319704
01/31/1997,-0.00847147,0.021434112,0.00802047,-0.04808139,-0.85,0.2801862,-0.015442242
02/28/1997,-0.00557266,0.009714968,0.008819124,-0.078522278,2.64,-0.164998973,0.008396355
03/31/1997,-0.03064901,0.003951423,0.015839388,0.019118737,-2.81,0.041666624,-0.012303895
04/30/1997,0.017259535,0.014971917,-0.002719222,0.022553656,0.54,0.033013331,0.01146
05/31/1997,0.005223686,-0.018700957,0.004296342,0.003049245,0.93,-0.033307891,0.006366667
06/30/1997,0.01338007,0.001433782,0.001478851,-0.061812839,1.22,0.074337194,0.025989607
07/31/1997,0.05283382,0.024148689,-0.016175382,0.038451153,0.41,0.101323915,0.036279252
08/31/1997,-0.034432946,0.007756631,0.020342207,0.018097665,4.19,-0.113062923,-0.014294067
09/30/1997,0.022553587,0.001860036,-0.004729401,0.030443888,-3.64,0.073250299,0.019892764
10/31/1997,0.027604311,0.01306512,-0.012289343,0.031824716,10.16,0.231420539,0.018306903
11/30/1997,0.007704825,0.024533835,-0.0047369,-0.093490271,-6.95,-0.274207655,0.009380944
12/31/1997,0.005632674,0.037162889,0.007915586,-0.069267052,-2.62,0.175479328,0.010807557
01/31/1998,0.020011626,0.018135732,-0.006908402,-0.007743993,-3.19,0.064801219,0.012960928
02/28/1998,-0.012421073,-0.016147223,0.012375415,-0.052565133,-2.27,-0.084599842,0.001177649
03/31/1998,-0.003486836,0.002938274,0.008102087,0.009812235,4.82,0.176985472,0.003413165
04/30/1998,-0.002316177,-0.006416406,0.008426127,-0.016914587,-2.66,-0.004630605,-0.00019019
05/31/1998,0.013476185,0.023323751,-0.001225087,-0.034411226,1.3,-0.159557003,0.021137843
06/30/1998,0.018601029,0.010535533,-0.010320425,-0.019335271,-3.03,0.180779358,0.012124958
07/31/1998,-0.00999958,0.004540015,0.010346725,-0.074742268,6.41,0.047434432,0.000331164
08/31/1998,0.039406236,0.01866008,-0.028855802,-0.046239554,22.06,0.061765576,0.011373439
09/30/1998,0.032805146,-0.018791542,0.00109895,0.122663551,-6.39,0.108982155,0.020218887
10/31/1998,-0.021805303,-0.030967634,0.011854351,-0.034274194,-15.38,0.077035051,-0.001322312
11/30/1998,0.002620133,0.00937172,0.014527066,-0.100612836,-1.56,-0.252775162,0.017171485
12/31/1998,-0.006588018,-0.014126828,0.009003979,-0.003968551,0.41,0.128624934,0.005944704
01/31/1999,-0.000214863,0.018107607,0.012115022,0.01691475,1.12,0.06798099,0.00962914
02/28/1999,-0.050137658,0.013058108,0.023588374,-0.032823242,2.99,-0.102238258,-0.026630882
03/31/1999,-0.007851578,-0.004435527,0.013158445,0.176641443,-5.07,0.236787108,0.002597036
04/30/1999,-0.002853621,-0.006347331,0.00179785,0.045732103,1.62,0.028923761,0.00774517
05/31/1999,-0.024748589,0.013505526,0.009797513,-0.054416698,0.31,-0.14268269,-0.02178141
06/30/1999,-0.013112946,-0.003204935,0.005004786,0.07318355,-5.37,0.012525614,-0.012817363
07/31/1999,-0.009787174,-0.010594086,0.003961662,0.035565622,4.82,-0.046410356,0.001733463
08/31/1999,-0.011304235,-0.001883427,0.010504686,0.073594609,-0.59,0.031671703,-0.000363144
09/30/1999,0.002387715,-0.005470087,0.009010259,0.051976655,1.65,0.039203973,0.004743012
10/31/1999,-0.006524399,-0.00102032,0.011603478,-0.050612373,-4.33,0.145589371,0.001172096
11/30/1999,-0.012080572,0.005220679,0.01331527,0.04559237,2.39,-0.023745752,0.005539024
12/31/1999,-0.019709295,-0.006849522,0.013816989,0.025730254,1.76,0.06831016,-0.00160861
01/31/2000,0.00974664,0.015844007,-0.013270802,0.060758713,-0.51,0.094381104,0.002061628
02/29/2000,0.02157534,0.004137286,-0.015380722,0.046762939,-0.61,-0.02709543,0.002116332
03/31/2000,0.027726493,-0.009855454,-0.014520039,-0.042266562,1.62,0.250774675,0.015102972
04/30/2000,-0.012844449,0.024708014,0.004917003,-0.017739753,1.65,-0.231292772,-0.002211835
05/31/2000,-0.010509349,0.004333491,0.003739314,0.098371143,-2.29,-0.010352892,-0.007038815
06/30/2000,0.018378085,-0.006785894,0.006995227,0.056048387,-4.31,0.092470211,0.025399929
07/31/2000,0.010442262,0.008810836,0.001112924,-0.094947181,1.18,-0.121867855,0.012883
08/31/2000,0.01638549,0.002178664,-0.004508048,0.145642901,-4.16,0.066771089,0.007043912
09/30/2000,-0.016918922,0.011074017,0.027719613,-0.028314239,4.57,0.023306177,0.002016044
10/31/2000,0.011160372,0.020822143,-0.010241028,-0.003242378,2.14,0.245370304,0.01939524
11/30/2000,0.025018543,0.001568784,-0.012625568,0.083097461,6.93,-0.208817251,0.012725783
12/31/2000,0.018281157,-0.014775602,-0.001533509,-0.036898354,-2.69,0.149934493,0.02217343
01/31/2001,-0.001367964,0.004670344,0.034083232,-0.080957395,-5.94,0.178689413,0.004510963
02/28/2001,0.013055891,0.009813329,-0.009873239,-0.021768827,6.71,-0.222258155,0.01985203
03/31/2001,-0.009878124,0.02936057,0.014757598,-0.041668544,2.82,0.284702279,-0.002135638
04/30/2001,-0.03342881,-0.010043914,0.029905173,0.054009589,-5.63,-0.086188859,-0.008463223
05/31/2001,-0.002825812,0.006868986,0.013585544,-0.02947866,-2.23,-0.034793009,0.001033426
06/30/2001,0.004445085,0.002880715,-0.004257615,-0.068743682,-4.33,0.009056956,0.018495599
07/31/2001,0.031408642,-0.004555419,7.67119E-05,-0.004736998,2.24,-0.038561453,0.016189879
08/31/2001,0.014917363,-0.014895328,-0.003625373,0.00629648,3.98,-0.018261549,0.01536442
09/30/2001,0.002408949,0.010731128,-0.004136467,-0.104448933,7.34,0.071324789,-0.014341708
10/31/2001,0.048997097,0.00594585,-0.025443917,-0.034109039,0.09,0.196840476,0.027266055
11/30/2001,-0.054573601,-0.002541029,0.051021222,-0.037534886,-9.14,-0.120905684,-0.000762163
12/31/2001,-0.025940921,0.009086276,0.020089969,0.001006036,-2.92,-0.0456297,0.03316436
01/31/2002,0.008811638,0.015292803,-0.000518561,-0.018445167,-0.38,0.183760158,0.014346586
02/28/2002,0.008429357,0.00036347,-0.007040986,0.063241583,0.29,-0.124338571,0.006158003
03/31/2002,-0.047224173,-0.005348462,0.018945657,0.13991956,-3.81,0.01979453,-0.019826797
04/30/2002,0.029769392,-0.012032192,-0.006580968,0.014908314,4.19,0.075506716,0.014496384
05/31/2002,6.77993E-05,-0.014559327,-0.014618064,-0.050286442,-0.71,-0.058224153,0.006338479
06/30/2002,0.016920985,-0.013077273,-0.002932995,0.045473293,6.33,0.114326439,0.0136698
07/31/2002,0.022117076,0.009581703,-0.037166195,0.003452017,6.08,0.408492101,0.004777296
08/31/2002,0.034635778,-0.003690676,0.012969796,0.057745233,0.59,-0.306197299,0.028509296
09/30/2002,0.04221262,0.01429609,-0.036068123,0.057101705,8.77,-0.053746621,0.020099034
10/31/2002,-0.037547319,-0.004098982,0.032782538,-0.044391702,-8.66,0.365484995,-0.016023885
11/30/2002,-0.013215551,-0.001709125,0.051448862,0.001379818,-4.83,-0.228636917,0.012707955
12/31/2002,0.037969842,-0.014041045,-0.005171245,0.080056954,0.95,-0.109836115,0.022343392
01/31/2003,-0.011222154,-0.006227318,0.016315853,0.077822666,3.75,0.182965525,0.00579703
02/28/2003,0.025448842,-0.002976755,-0.000672518,0.099112251,-1.63,-0.179328628,0.019956184
03/31/2003,-0.016199762,-0.006658966,0.019924043,-0.166170083,-0.78,0.191982263,0.011580573
04/30/2003,0.005266896,-0.018739326,0.024355975,-0.071637679,-9.6,-0.013644268,0.01677174
05/31/2003,0.051635187,-0.020101257,-0.018906411,0.090892228,-2.07,0.043225711,0.04901938
06/30/2003,-0.021013342,0.002443352,0.018667938,-0.008671995,-0.08,0.008635925,-0.007746699
07/31/2003,-0.09148731,0.01579766,0.055650154,-0.000214408,-2.13,0.01069207,-0.038721102
08/31/2003,0.009345632,0.003198485,-0.013449111,0.039931375,-0.86,-0.211443847,0.001853756
09/30/2003,0.046660848,-0.027519076,-0.007009588,-0.04054277,4.09,0.203309531,0.025123458
10/31/2003,-0.03242692,-0.004456442,0.019330998,0.025190216,-6.62,0.078770252,-0.009407635
11/30/2003,0.007593713,-0.007192171,-0.003054079,0.029477127,0.22,-0.242589594,0.018261627
12/31/2003,-0.002005491,-0.01880668,0.015620786,0.061176279,1.99,0.137999413,-0.001304075
01/31/2004,0.011391144,0.001376275,0.001183877,-0.001727182,-1.68,0.178916151,0.009175696
02/29/2004,0.018654986,0.005552228,-0.009002149,0.071359914,-2.08,-0.147300427,0.011379813
03/31/2004,0.011590586,-0.00638481,-0.000855933,0.012452898,2.19,0.200542422,0.010563576
04/30/2004,-0.061406385,0.025841085,0.02771903,0.026194527,0.45,-0.059110837,-0.030558325
05/31/2004,-0.008157998,-0.00436877,-8.51761E-05,0.041103934,-1.69,-0.072298723,0.001951066
06/30/2004,0.002429388,-0.000802208,0.003804378,-0.049965164,-1.16,-0.061272437,0.001249345
07/31/2004,0.00193518,0.002027029,0.010627201,0.073790815,0.98,0.063789753,0.010921265
08/31/2004,0.040031317,-0.007624618,-0.013008883,-0.038669182,-0.03,-0.092154506,0.029729478
09/30/2004,0.008091244,-0.01105107,-0.001141053,0.142562333,-1.95,0.009142507,0.016646616
10/31/2004,0.008020633,-0.017316962,0.00288049,0.049299736,2.93,0.174474569,0.000782753
11/30/2004,-0.026479602,-0.026474367,0.018080339,-0.033523337,-3.03,-0.033344546,-0.004354987
12/31/2004,0.016762358,-0.006061983,-0.000969145,-0.093518248,0.05,0.021083851,0.006887069
01/31/2005,0.020615982,0.014220408,-0.010717122,0.067929269,-0.47,0.012741741,0.028054891
02/28/2005,-0.017082497,-0.008764736,0.009624581,0.073531186,-0.74,-0.069888059,0.00137616
03/31/2005,-0.013160577,0.010061632,-0.001867332,0.078468281,1.94,0.331658669,-0.007487914
04/30/2005,0.03180238,0.001000423,-0.020849896,-0.079323729,1.29,0.113038987,0.022648216
05/31/2005,0.019876922,0.012517362,-0.009582091,0.004385717,-2.02,-0.094469752,0.011863317
06/30/2005,0.012007798,0.0056653,0.001543205,0.070653858,-1.25,0.025737507,0.014829581
07/31/2005,-0.03098361,-0.003910831,0.028983399,0.05936061,-0.47,-0.071140159,0.000379142
08/31/2005,0.02564616,-0.007653146,-0.017049114,0.158416333,1.03,0.121859341,0.007943436
09/30/2005,-0.034205452,0.002143274,0.019720277,0.006796887,-0.68,0.06536793,-0.014464998
10/31/2005,-0.022909591,0.007745306,0.003807394,-0.099412216,3.4,0.112026774,-0.01271248
11/30/2005,0.002068324,0.002552076,0.00480174,-0.016482217,-3.26,-0.094206928,0.00977542
12/31/2005,0.019281709,-0.003134189,-0.006602399,0.038013032,0.01,-0.074202373,0.013493074
01/31/2006,-0.015631943,-0.018976255,0.013562868,0.051422218,0.88,0.178549114,-0.006041824
02/28/2006,0.001560018,0.00270801,0.001576612,-0.083847374,-0.61,-0.129069235,0.008235767
03/31/2006,-0.037062606,0.006643804,0.023389385,0.064108113,-0.95,0.187706749,-0.019853238
04/30/2006,-0.024138646,-0.023071793,0.019517723,0.072923258,0.2,-0.149231,-0.016551487
05/31/2006,-0.005239798,-0.00274438,0.004052214,-0.000505487,4.85,0.254093718,0.007189053
06/30/2006,0.001995874,0.004254675,-0.012102343,0.021346539,-3.36,0.010318556,0.001249345
07/31/2006,0.014857004,-0.002242714,0.004634152,0.027997854,1.87,-0.15535873,0.01915754
08/31/2006,0.024777256,-0.002806682,-0.004159252,-0.064987456,-2.64,0.089267722,0.021314596
09/30/2006,0.011767039,0.003968114,0.001455754,-0.081181445,-0.33,-0.029398074,0.015891104
10/31/2006,0.00340394,-0.007051232,0.000480058,0.002733326,-0.88,0.159019408,0.001535338
11/30/2006,0.015635006,-0.008489677,0.004225711,0.080238572,-0.19,-0.025525578,0.020373032
12/31/2006,-0.026800879,0.004284476,0.015521163,-0.064098693,0.65,-0.140307166,-0.010465113
01/31/2007,-0.012759673,0.008887287,0.014806023,-0.015486012,-1.14,0.191417687,-0.001406952
02/28/2007,0.025204718,-0.007364809,-0.009428948,0.049786995,5,-0.085403678,0.029581651
03/31/2007,-0.0144523,-0.009120269,0.016764323,0.043746795,-0.78,0.304316,-0.011254824
04/30/2007,0.002884863,-0.013701577,0.002982151,0.013565188,-0.42,-0.156602006,3.96977E-05
05/31/2007,-0.022878315,-0.005165459,0.011761111,-0.008034397,-1.17,0.138966101,-0.002128492
06/30/2007,-0.013674581,-0.001715693,0.008532415,0.039316007,3.18,0.005615162,-0.01450438
07/31/2007,0.021910289,-0.007950645,-0.019680634,0.054766208,7.29,0.076705683,0.01755593
08/31/2007,0.013341725,0.002478209,-0.002066571,-0.039996821,-0.14,0.299264944,-0.003431744
09/30/2007,-0.002467187,-0.027832239,0.007766922,0.102619598,-5.38,-0.367382506,0.0048
10/31/2007,0.010461661,-0.018658903,0.001573948,0.097370055,0.53,0.315048859,0.021298211
11/30/2007,0.043327456,0.004047235,-0.036791508,-0.035579249,4.34,0.134491226,0.023462498
12/31/2007,-0.008061019,-0.000641145,0.012455121,0.055679453,-0.37,-0.248417828,-0.016277504
01/31/2008,0.021851951,-0.010996517,-0.004984364,-0.002935252,3.7,0.519173141,0.012123982
02/29/2008,0.000564919,-0.016684828,-0.005297459,0.117364533,0.34,-0.20247922,-0.001388248
03/31/2008,0.004012498,-0.005347288,-0.007182527,-0.015990468,-0.93,0.133675036,0.006863225
04/30/2008,-0.024317271,0.002827675,0.032171179,0.077977605,-4.82,-0.034321771,-0.002081097
05/31/2008,-0.026221546,-0.003291217,0.015751593,0.090851096,-2.96,-0.058016161,-0.004207112
06/30/2008,0.015348692,0.002388386,-0.021146353,0.096913219,6.12,0.192906129,0.013737229
07/31/2008,-0.004991765,0.000539813,0.000666758,-0.118925372,-1.01,0.293606706,-0.006412348
08/31/2008,0.020760931,0.033439916,-0.012854249,-0.06845567,-2.29,-0.30976463,0.023573993
09/30/2008,0.020695304,0.023537312,-0.079772347,-0.121328513,18.74,0.6225547,-0.01383416
10/31/2008,-0.053822847,0.071077704,0.002770405,-0.277674209,20.5,0.141786117,-0.046225364
11/30/2008,0.119031134,0.017967971,-0.070221546,-0.130845904,-4.61,-0.276297355,0.0717915
12/31/2008,0.092587627,-0.028581356,-0.009646421,-0.106514783,-15.28,-0.023999092,0.079395471
01/31/2009,-0.093203022,0.032022012,0.101177047,-0.036757965,4.84,-0.011904383,-0.039575278
02/28/2009,-0.011948864,0.029000354,-0.00894171,8.92299E-05,1.51,0.116115156,-0.010486816
03/31/2009,0.04045682,-0.023041305,-0.046117471,0.066291934,-2.21,0.300030259,0.007516844
04/30/2009,-0.054090858,-0.020950536,0.084744809,0.020416702,-7.64,-0.18599903,2.15019E-05
05/31/2009,-0.031013685,-0.044165912,0.072039083,0.211015443,-7.58,-0.000955968,0.011286567
06/30/2009,0.002281037,0.011483071,0.025744903,0.016183275,-2.57,-0.141310021,0.003719535
07/31/2009,-0.001002915,-0.021544439,0.046924658,0.01596997,-0.43,-0.056457632,0.018799996
08/31/2009,0.018280205,0.003356043,-0.003855911,-0.007914125,0.09,0.088370706,0.008827831
09/30/2009,0.014403883,-0.007807473,0.002226751,0.019744816,-0.4,-0.032429809,0.010293285
10/31/2009,-0.019331204,-0.005041127,0.025792844,0.073603458,5.08,0.009933614,-0.004768812
11/30/2009,0.014571884,-0.013819076,-0.002584887,0.031722389,-6.18,-0.250676412,0.01562893
12/31/2009,-0.059704481,0.016394484,0.051031523,0.023508984,-2.83,0.053350416,-0.019534321
01/31/2010,0.021022468,0.011417959,-0.008992819,-0.073329267,2.94,0.016000053,0.011200471
02/28/2010,-0.003147414,-0.001913368,0.006789454,0.06444513,-5.12,-0.070218911,0.006616816
03/31/2010,-0.022067813,-0.006873085,0.024819338,0.024503362,-1.91,0.226134189,-0.003859892
04/30/2010,0.023311236,-0.007939368,-0.005773655,0.037309491,4.46,0.125944376,0.014215571
05/31/2010,0.039872511,0.034225381,-0.046242934,-0.112284977,10.02,0.093547125,0.01793178
06/30/2010,0.039685491,-0.002671114,-0.017737725,0.014318196,2.47,-0.169315677,0.030925093
07/31/2010,-0.003193036,-0.027008249,0.025054324,0.059836827,-11.04,-0.106267127,0.000863094
08/31/2010,0.064521888,0.013520467,-0.04580249,-0.048874831,2.55,-0.103690504,0.037865497
09/30/2010,-0.019847105,-0.034181237,0.025540897,0.093957849,-2.35,-0.063108148,-0.017494531
10/31/2010,-0.032628631,-0.012967819,0.033327134,0.033146541,-2.5,0.124976614,-0.011978578
11/30/2010,-0.018319981,0.022121408,0.010825492,0.020721072,2.34,-0.026639484,-0.002810293
